,user,product,price,frequency,quantity,variant,login,behaviour
0,Customer 43,Item 34,36566,7,2,4545,69,Normal Customer
1,Customer 16,Item 48,6053,2,9,8847,63,Always Active
2,Customer 43,Item 32,10826,9,9,1892,59,Normal Customer
3,Customer 30,Item 31,21486,5,2,5677,66,Always Active
4,Customer 30,Item 43,18526,3,1,2877,59,Economic Customer
5,Customer 4,Item 22,47544,9,7,2036,15,Complex Customer
6,Customer 39,Item 26,39236,6,6,9771,87,Complex Customer
7,Customer 20,Item 10,37474,1,3,5757,22,New Customer
8,Customer 12,Item 47,706,4,9,1935,85,Always Active
9,Customer 46,Item 19,17405,7,2,9740,47,Economic Customer
10,Customer 5,Item 11,30937,3,3,7823,30,Discount Lover
11,Customer 31,Item 32,36286,7,5,9301,34,Normal Customer
12,Customer 15,Item 40,43809,5,3,9159,75,Always Active
13,Customer 42,Item 18,6164,3,2,7937,96,Always Active
14,Customer 21,Item 37,15819,6,3,5750,66,Always Active
15,Customer 13,Item 47,37050,2,3,5528,36,Discount Lover
16,Customer 47,Item 36,14442,3,7,9695,76,Always Active
17,Customer 18,Item 26,19760,4,9,5318,98,Always Active
18,Customer 23,Item 17,14725,6,8,4315,22,New Customer
19,Customer 31,Item 37,34065,2,8,9337,33,Discount Lover
20,Customer 38,Item 35,45069,3,5,6819,10,New Customer
21,Customer 18,Item 10,30309,7,1,3789,72,Normal Customer
22,Customer 3,Item 6,8192,7,2,7201,83,Always Active
23,Customer 45,Item 41,37274,6,5,5368,35,Normal Customer
24,Customer 46,Item 12,11848,2,7,6861,19,New Customer
25,Customer 7,Item 20,20102,1,7,5941,62,Always Active
26,Customer 34,Item 13,24955,6,9,5360,70,Always Active
27,Customer 32,Item 46,38552,6,6,8984,40,Complex Customer
28,Customer 43,Item 39,24141,9,9,9359,5,New Customer
29,Customer 15,Item 21,5125,7,9,5222,25,New Customer
30,Customer 39,Item 40,28342,3,9,4880,33,Normal Customer
31,Customer 40,Item 24,23755,9,5,1937,49,Normal Customer
32,Customer 37,Item 38,25631,9,7,6182,88,Always Active
33,Customer 33,Item 23,1480,6,3,6502,25,New Customer
34,Customer 18,Item 6,10409,3,4,2140,16,New Customer
35,Customer 37,Item 6,10181,3,5,2241,37,Normal Customer
36,Customer 48,Item 14,8061,6,3,5652,2,New Customer
37,Customer 41,Item 24,34761,5,5,8020,33,Discount Lover
38,Customer 44,Item 6,25470,1,3,2486,32,Economic Customer
39,Customer 10,Item 31,44166,8,2,1761,74,Normal Customer
40,Customer 49,Item 32,6027,5,1,8873,7,New Customer
41,Customer 19,Item 4,30803,3,2,4796,73,Always Active
42,Customer 36,Item 19,46388,1,6,3369,58,Normal Customer
43,Customer 47,Item 35,23018,8,3,9594,51,Economic Customer
44,Customer 30,Item 1,46173,5,6,5231,47,Discount Lover
45,Customer 47,Item 38,19434,3,1,2908,89,Always Active
46,Customer 49,Item 18,32915,3,5,5946,71,Always Active
47,Customer 33,Item 29,31937,3,6,5221,97,Always Active
48,Customer 38,Item 33,18328,5,5,9418,80,Always Active
49,Customer 6,Item 49,43801,4,9,7058,5,New Customer
50,Customer 40,Item 22,20903,8,6,8053,18,New Customer
51,Customer 24,Item 45,41914,9,2,8729,86,Normal Customer
52,Customer 2,Item 9,14656,8,5,2669,21,New Customer
53,Customer 36,Item 14,15492,7,7,2503,4,New Customer
54,Customer 15,Item 42,36889,7,1,8557,95,Normal Customer
55,Customer 29,Item 8,31889,6,9,8490,47,Complex Customer
56,Customer 26,Item 40,31605,9,1,5780,84,Normal Customer
57,Customer 25,Item 16,27085,5,9,4490,6,New Customer
58,Customer 42,Item 30,35363,6,9,5752,64,Complex Customer
59,Customer 47,Item 41,6747,8,8,3219,61,Always Active
60,Customer 5,Item 22,25830,1,9,5087,54,Discount Lover
61,Customer 37,Item 44,13057,5,5,3216,20,New Customer
62,Customer 41,Item 45,45707,2,9,9036,49,Discount Lover
63,Customer 12,Item 22,9819,6,5,7140,71,Always Active
64,Customer 25,Item 15,47988,5,5,6591,24,New Customer
65,Customer 47,Item 26,30902,2,1,9578,44,Discount Lover
66,Customer 39,Item 16,22373,4,7,5672,97,Always Active
67,Customer 2,Item 9,4542,6,7,1997,4,New Customer
68,Customer 42,Item 7,46071,3,1,2877,43,Normal Customer
69,Customer 17,Item 22,40545,1,5,8922,86,Always Active
70,Customer 39,Item 8,47935,9,2,4956,34,Normal Customer
71,Customer 29,Item 13,26507,7,1,7902,97,Always Active
72,Customer 39,Item 8,6124,4,7,4587,56,Normal Customer
73,Customer 31,Item 42,29691,8,7,8292,30,Discount Lover
74,Customer 35,Item 36,42036,1,1,2920,3,New Customer
75,Customer 43,Item 44,47524,8,9,2144,48,Complex Customer
76,Customer 43,Item 30,28626,7,6,2179,90,Always Active
77,Customer 49,Item 37,40460,5,8,6535,25,New Customer
78,Customer 7,Item 28,24206,1,5,4446,71,Always Active
79,Customer 19,Item 43,20846,9,9,9924,2,New Customer
80,Customer 22,Item 47,27606,9,4,7848,20,New Customer
81,Customer 23,Item 20,39002,4,6,9598,29,New Customer
82,Customer 27,Item 44,28849,6,2,7198,8,New Customer
83,Customer 48,Item 3,6505,2,3,9300,4,New Customer
84,Customer 38,Item 13,20785,8,8,9914,9,New Customer
85,Customer 12,Item 7,32017,5,1,3116,6,New Customer
86,Customer 48,Item 9,37888,1,3,1834,78,Always Active
87,Customer 13,Item 37,28976,6,2,8792,84,Always Active
88,Customer 17,Item 49,21099,4,8,4267,42,Normal Customer
89,Customer 32,Item 10,11922,1,7,9845,48,Discount Lover
90,Customer 31,Item 32,35750,8,1,8730,18,Normal Customer
91,Customer 27,Item 28,21850,9,2,3450,43,Economic Customer
92,Customer 19,Item 48,12642,8,6,4569,11,New Customer
93,Customer 27,Item 11,42823,8,3,1002,74,Normal Customer
94,Customer 39,Item 21,9881,7,3,7426,33,Economic Customer
95,Customer 3,Item 45,12446,5,5,2498,96,Always Active
96,Customer 17,Item 22,2345,2,9,5460,63,Always Active
97,Customer 40,Item 24,30770,2,3,2104,43,Normal Customer
98,Customer 48,Item 24,11994,5,9,8106,53,Discount Lover
99,Customer 43,Item 17,28277,4,4,2327,98,Always Active
100,Customer 26,Item 48,10655,5,8,9943,51,Discount Lover
101,Customer 14,Item 15,23230,1,2,6168,54,Economic Customer
102,Customer 26,Item 28,10519,7,8,3046,27,New Customer
103,Customer 9,Item 42,47421,9,9,2911,12,Complex Customer
104,Customer 47,Item 5,47559,6,6,9015,32,Complex Customer
105,Customer 32,Item 20,28112,6,8,4490,9,New Customer
106,Customer 17,Item 25,29458,4,4,9089,66,Always Active
107,Customer 8,Item 32,20737,4,4,1282,1,New Customer
108,Customer 32,Item 16,38742,1,8,3446,30,Normal Customer
109,Customer 40,Item 36,45352,9,5,2380,97,Normal Customer
110,Customer 16,Item 23,23954,3,7,9756,40,Discount Lover
111,Customer 34,Item 42,25016,6,7,5799,90,Always Active
112,Customer 42,Item 28,39368,2,1,6919,37,Discount Lover
113,Customer 23,Item 8,7724,9,2,9956,98,Always Active
114,Customer 26,Item 4,4896,5,1,9888,97,Always Active
115,Customer 8,Item 28,40281,1,7,5630,90,Always Active
116,Customer 13,Item 9,39429,5,4,3260,52,Normal Customer
117,Customer 46,Item 15,41436,2,1,6919,68,Always Active
118,Customer 4,Item 6,17244,4,6,1258,30,Normal Customer
119,Customer 27,Item 46,28532,6,5,1959,57,Normal Customer
120,Customer 47,Item 7,4897,8,4,8726,61,Always Active
121,Customer 40,Item 1,12997,2,1,3375,41,Economic Customer
122,Customer 23,Item 43,43604,9,9,9508,32,Complex Customer
123,Customer 2,Item 33,7676,4,1,2460,62,Always Active
124,Customer 32,Item 9,19637,8,7,1288,32,Normal Customer
125,Customer 24,Item 45,13639,6,4,6591,43,Economic Customer
126,Customer 4,Item 10,35014,2,7,4639,69,Always Active
127,Customer 5,Item 44,4847,2,6,5829,93,Always Active
128,Customer 9,Item 45,11340,5,6,8024,8,New Customer
129,Customer 24,Item 23,9905,8,1,2909,38,Economic Customer
130,Customer 36,Item 17,49465,3,8,1147,97,Always Active
131,Customer 49,Item 32,6800,9,5,8065,19,New Customer
132,Customer 3,Item 9,12740,6,7,1239,85,Always Active
133,Customer 35,Item 13,31183,2,1,2320,50,Normal Customer
134,Customer 14,Item 9,35100,8,5,9682,11,Normal Customer
135,Customer 14,Item 12,23082,8,1,3200,94,Always Active
136,Customer 39,Item 11,43001,1,8,6646,32,Discount Lover
137,Customer 38,Item 22,8064,8,4,5079,94,Always Active
138,Customer 42,Item 49,9107,4,2,3971,85,Always Active
139,Customer 15,Item 22,6363,9,1,6594,48,Economic Customer
140,Customer 38,Item 20,12773,5,4,4566,32,Economic Customer
141,Customer 46,Item 46,12406,3,1,9988,36,Economic Customer
142,Customer 48,Item 13,23265,7,6,6836,14,New Customer
143,Customer 1,Item 33,513,2,8,1292,14,New Customer
144,Customer 13,Item 19,1360,7,7,6670,93,Always Active
145,Customer 7,Item 17,3702,2,3,1785,83,Always Active
146,Customer 28,Item 17,48052,6,4,2657,72,Normal Customer
147,Customer 6,Item 36,5135,2,3,4888,76,Always Active
148,Customer 44,Item 24,874,7,4,1096,92,Always Active
149,Customer 16,Item 48,24618,4,2,5190,25,New Customer
150,Customer 43,Item 15,40009,9,9,9258,32,Complex Customer
151,Customer 3,Item 12,17216,9,2,6359,88,Always Active
152,Customer 47,Item 18,19879,2,4,7735,73,Always Active
153,Customer 18,Item 46,31462,3,2,5567,68,Always Active
154,Customer 30,Item 35,12388,9,5,7360,57,Discount Lover
155,Customer 5,Item 30,1887,3,7,7906,15,New Customer
156,Customer 23,Item 47,23161,9,3,7722,98,Always Active
157,Customer 23,Item 46,41705,8,3,2560,30,Normal Customer
158,Customer 43,Item 5,22120,3,2,8029,18,New Customer
159,Customer 13,Item 7,5163,8,1,4703,18,New Customer
160,Customer 11,Item 39,43737,5,7,4507,44,Normal Customer
161,Customer 32,Item 39,8604,7,7,9745,92,Always Active
162,Customer 14,Item 36,6976,5,4,4894,31,Economic Customer
163,Customer 49,Item 46,24235,6,2,4827,35,Economic Customer
164,Customer 6,Item 49,4803,1,6,2889,93,Always Active
165,Customer 4,Item 16,34152,1,4,6395,43,Discount Lover
166,Customer 1,Item 45,5960,1,7,6209,6,New Customer
167,Customer 9,Item 19,23934,2,7,2537,94,Always Active
168,Customer 10,Item 33,35125,1,7,4027,9,New Customer
169,Customer 14,Item 35,37365,3,9,4481,23,New Customer
170,Customer 7,Item 20,18188,7,9,7917,81,Always Active
171,Customer 27,Item 2,49897,7,9,2051,34,Complex Customer
172,Customer 5,Item 27,44038,2,6,3759,58,Normal Customer
173,Customer 41,Item 48,29520,5,6,6170,84,Always Active
174,Customer 27,Item 22,34781,2,7,7540,27,New Customer
175,Customer 41,Item 21,25000,3,3,8622,61,Always Active
176,Customer 25,Item 37,28084,9,2,9683,69,Always Active
177,Customer 39,Item 9,4758,5,7,1877,75,Always Active
178,Customer 9,Item 15,41054,2,4,1625,42,Normal Customer
179,Customer 33,Item 4,28044,2,9,2086,88,Always Active
180,Customer 33,Item 20,26130,6,5,6615,40,Discount Lover
181,Customer 44,Item 36,10455,6,6,8910,66,Always Active
182,Customer 21,Item 2,39307,1,2,1821,87,Always Active
183,Customer 41,Item 2,15981,5,2,5051,18,New Customer
184,Customer 7,Item 39,10155,9,1,7973,62,Always Active
185,Customer 13,Item 5,1032,4,6,9294,55,Discount Lover
186,Customer 37,Item 29,21811,6,5,8238,3,New Customer
187,Customer 26,Item 43,810,5,5,9238,97,Always Active
188,Customer 44,Item 33,17866,8,2,1366,99,Always Active
189,Customer 15,Item 30,17735,8,8,2081,74,Always Active
190,Customer 47,Item 15,38506,1,4,4955,92,Always Active
191,Customer 31,Item 35,12203,1,3,3015,66,Always Active
192,Customer 21,Item 8,26984,6,5,6575,69,Always Active
193,Customer 17,Item 23,25252,9,2,8026,98,Always Active
194,Customer 39,Item 29,26557,4,2,4326,82,Always Active
195,Customer 30,Item 37,47084,6,9,6596,55,Complex Customer
196,Customer 49,Item 29,27294,4,6,2716,87,Always Active
197,Customer 47,Item 25,5126,1,9,8195,75,Always Active
198,Customer 35,Item 12,8973,7,9,5014,23,New Customer
199,Customer 36,Item 37,45986,3,6,8749,28,New Customer
200,Customer 21,Item 21,22469,3,1,8710,14,New Customer
201,Customer 1,Item 34,20994,1,2,7805,76,Always Active
202,Customer 36,Item 20,37535,2,2,8419,28,New Customer
203,Customer 35,Item 6,42015,3,2,3694,64,Always Active
204,Customer 48,Item 30,24343,5,1,3478,30,Economic Customer
205,Customer 42,Item 1,5167,6,9,2081,27,New Customer
206,Customer 19,Item 17,17964,8,2,2172,5,New Customer
207,Customer 33,Item 35,13963,6,2,2281,23,New Customer
208,Customer 9,Item 44,18218,2,2,9527,29,New Customer
209,Customer 49,Item 4,25442,7,9,9023,61,Always Active
210,Customer 12,Item 12,39681,3,2,7163,31,Discount Lover
211,Customer 30,Item 39,31287,6,7,8067,34,Complex Customer
212,Customer 6,Item 3,6511,8,2,3477,38,Economic Customer
213,Customer 3,Item 40,1277,6,9,8231,60,Discount Lover
214,Customer 32,Item 26,13900,3,5,4691,27,New Customer
215,Customer 44,Item 47,28254,7,2,5971,78,Always Active
216,Customer 41,Item 41,4211,1,8,5280,14,New Customer
217,Customer 14,Item 24,45044,3,9,1227,94,Always Active
218,Customer 41,Item 39,14493,3,7,2566,8,New Customer
219,Customer 39,Item 47,4881,3,8,9602,45,Discount Lover
220,Customer 28,Item 16,19458,8,5,8038,85,Always Active
221,Customer 48,Item 30,37594,6,8,8712,60,Complex Customer
222,Customer 47,Item 48,42870,5,8,2276,56,Normal Customer
223,Customer 20,Item 40,11495,9,9,7893,13,New Customer
224,Customer 39,Item 28,21534,1,6,1567,33,Normal Customer
225,Customer 37,Item 27,45451,9,7,2311,71,Complex Customer
226,Customer 21,Item 49,25747,2,8,9492,67,Always Active
227,Customer 42,Item 2,11750,9,3,8113,19,New Customer
228,Customer 10,Item 32,19606,7,3,1598,46,Economic Customer
229,Customer 14,Item 9,38315,3,4,3977,59,Normal Customer
230,Customer 43,Item 42,28583,7,5,8377,46,Discount Lover
231,Customer 33,Item 23,46199,2,8,3311,38,Normal Customer
232,Customer 14,Item 19,34558,1,5,2509,17,New Customer
233,Customer 25,Item 48,42453,2,9,9351,57,Discount Lover
234,Customer 11,Item 19,18629,2,2,8981,47,Economic Customer
235,Customer 3,Item 24,20038,3,9,8527,84,Always Active
236,Customer 26,Item 15,6966,1,8,8718,3,New Customer
237,Customer 35,Item 44,44475,5,8,5609,14,New Customer
238,Customer 44,Item 2,25591,3,5,8366,40,Discount Lover
239,Customer 25,Item 6,45442,9,9,1448,50,Complex Customer
240,Customer 4,Item 18,23294,2,3,3811,64,Always Active
241,Customer 46,Item 10,34027,7,1,7334,64,Normal Customer
242,Customer 21,Item 5,3221,8,6,6484,96,Always Active
243,Customer 10,Item 32,3351,8,7,9517,76,Always Active
244,Customer 14,Item 42,18579,2,9,5358,25,New Customer
245,Customer 41,Item 41,16810,5,5,4137,75,Always Active
246,Customer 35,Item 28,39351,8,5,7914,79,Normal Customer
247,Customer 10,Item 2,2821,7,3,6633,46,Economic Customer
248,Customer 2,Item 43,25964,5,8,1912,78,Always Active
249,Customer 46,Item 42,8912,1,6,7808,21,New Customer
250,Customer 12,Item 34,4701,9,3,2204,40,Economic Customer
251,Customer 39,Item 44,45218,4,3,2121,68,Always Active
252,Customer 19,Item 10,29596,7,1,5294,14,New Customer
253,Customer 40,Item 29,797,9,4,9644,31,Economic Customer
254,Customer 24,Item 37,43120,6,5,9720,62,Normal Customer
255,Customer 24,Item 29,30857,8,8,5876,26,Complex Customer
256,Customer 47,Item 11,41719,9,6,8372,61,Complex Customer
257,Customer 3,Item 24,33983,7,4,8845,24,Normal Customer
258,Customer 10,Item 28,20045,2,6,6654,16,New Customer
259,Customer 47,Item 5,40362,5,9,5268,5,New Customer
260,Customer 49,Item 18,18248,1,8,1902,88,Always Active
261,Customer 2,Item 39,11863,7,7,9140,6,New Customer
262,Customer 25,Item 46,45531,8,6,4721,85,Complex Customer
263,Customer 44,Item 6,27887,7,3,9535,81,Always Active
264,Customer 37,Item 38,11823,9,7,1044,81,Always Active
265,Customer 23,Item 26,35224,2,3,9132,33,Discount Lover
266,Customer 16,Item 11,8640,5,6,5936,73,Always Active
267,Customer 26,Item 14,10907,5,2,8344,32,Economic Customer
268,Customer 5,Item 9,8727,3,8,2754,73,Always Active
269,Customer 23,Item 46,6333,5,4,8549,61,Always Active
270,Customer 12,Item 22,49973,9,2,3440,20,Normal Customer
271,Customer 42,Item 5,33494,7,8,1634,88,Complex Customer
272,Customer 12,Item 32,7974,2,4,5387,10,New Customer
273,Customer 21,Item 25,30237,3,5,5467,74,Always Active
274,Customer 10,Item 22,24596,8,4,3964,78,Always Active
275,Customer 44,Item 2,11221,6,7,8809,11,New Customer
276,Customer 34,Item 26,27856,9,2,8668,71,Always Active
277,Customer 35,Item 24,48376,8,2,7858,48,Normal Customer
278,Customer 4,Item 21,14858,5,5,7445,72,Always Active
279,Customer 39,Item 4,31185,9,9,2344,57,Complex Customer
280,Customer 3,Item 37,5817,9,2,5649,38,Economic Customer
281,Customer 2,Item 11,41618,1,9,8198,76,Always Active
282,Customer 30,Item 22,25250,8,8,9827,1,New Customer
283,Customer 10,Item 38,48170,1,6,3034,22,New Customer
284,Customer 25,Item 38,27677,9,9,6201,2,New Customer
285,Customer 11,Item 9,32502,7,7,3020,39,Complex Customer
286,Customer 35,Item 9,39143,4,7,6631,84,Always Active
287,Customer 8,Item 26,49094,7,9,1306,4,Complex Customer
288,Customer 22,Item 45,26918,8,1,1989,17,New Customer
289,Customer 39,Item 11,45874,3,5,7532,34,Discount Lover
290,Customer 6,Item 3,45820,6,9,1009,73,Complex Customer
291,Customer 28,Item 33,20716,4,7,6099,71,Always Active
292,Customer 40,Item 36,43535,6,9,6515,68,Complex Customer
293,Customer 6,Item 26,4689,1,5,5641,60,Discount Lover
294,Customer 7,Item 30,5354,6,5,6327,30,Discount Lover
295,Customer 7,Item 11,38632,8,1,2130,83,Normal Customer
296,Customer 32,Item 35,40214,8,2,4254,67,Normal Customer
297,Customer 32,Item 44,49226,9,1,4172,13,Normal Customer
298,Customer 5,Item 39,1397,2,1,2373,16,New Customer
299,Customer 3,Item 28,10684,4,6,4521,59,Normal Customer
300,Customer 34,Item 3,27891,1,6,4118,88,Always Active
301,Customer 37,Item 27,27040,9,4,3686,9,New Customer
302,Customer 42,Item 39,25136,8,6,9164,73,Always Active
303,Customer 24,Item 11,33169,4,4,8333,26,New Customer
304,Customer 45,Item 44,5558,9,4,8202,42,Economic Customer
305,Customer 36,Item 38,12641,1,1,3244,45,Economic Customer
306,Customer 23,Item 26,9618,5,3,5523,16,New Customer
307,Customer 2,Item 47,30882,2,5,4966,30,Normal Customer
308,Customer 9,Item 4,30806,5,7,9552,84,Always Active
309,Customer 48,Item 18,19274,3,4,7316,88,Always Active
310,Customer 25,Item 20,25095,1,1,9620,54,Economic Customer
311,Customer 26,Item 15,27259,2,7,8931,32,Discount Lover
312,Customer 16,Item 12,8255,9,7,7353,92,Always Active
313,Customer 2,Item 13,12718,6,5,4385,52,Normal Customer
314,Customer 21,Item 21,3592,4,4,9490,28,New Customer
315,Customer 30,Item 33,23764,8,9,1650,25,New Customer
316,Customer 19,Item 23,26954,9,5,9240,95,Always Active
317,Customer 49,Item 10,8395,8,2,3929,87,Always Active
318,Customer 8,Item 45,15341,6,2,5628,83,Always Active
319,Customer 9,Item 44,3246,5,3,5165,86,Always Active
320,Customer 22,Item 30,12570,2,2,8028,58,Economic Customer
321,Customer 22,Item 38,45352,3,3,7751,25,New Customer
322,Customer 46,Item 44,21138,7,6,6361,35,Discount Lover
323,Customer 43,Item 22,22357,2,8,2180,78,Always Active
324,Customer 8,Item 49,7398,2,2,6231,1,New Customer
325,Customer 24,Item 21,36354,3,9,2190,60,Normal Customer
326,Customer 43,Item 20,24617,1,5,9797,85,Always Active
327,Customer 20,Item 25,26708,7,5,9606,21,New Customer
328,Customer 17,Item 43,20144,8,4,8358,43,Economic Customer
329,Customer 27,Item 28,34550,3,9,6866,69,Always Active
330,Customer 49,Item 7,14715,1,3,7300,56,Economic Customer
331,Customer 26,Item 43,16048,9,6,5304,25,New Customer
332,Customer 27,Item 28,15182,5,7,2099,10,New Customer
333,Customer 16,Item 17,31979,9,7,3942,32,Complex Customer
334,Customer 10,Item 17,24651,5,3,2343,77,Always Active
335,Customer 19,Item 32,31453,2,9,8924,85,Always Active
336,Customer 8,Item 43,16617,6,3,5630,96,Always Active
337,Customer 47,Item 26,25757,6,9,9565,52,Discount Lover
338,Customer 22,Item 48,16987,2,3,2843,94,Always Active
339,Customer 39,Item 4,33456,3,2,7172,25,New Customer
340,Customer 36,Item 46,46056,3,3,5561,59,Discount Lover
341,Customer 46,Item 26,6240,3,4,1384,90,Always Active
342,Customer 3,Item 44,35621,1,4,9206,4,New Customer
343,Customer 1,Item 1,9787,2,6,8320,1,New Customer
344,Customer 35,Item 40,49788,5,2,3388,19,New Customer
345,Customer 11,Item 49,20649,4,4,1947,82,Always Active
346,Customer 21,Item 47,25946,2,1,3271,76,Always Active
347,Customer 31,Item 17,3622,1,7,7152,52,Discount Lover
348,Customer 7,Item 6,45902,7,7,2769,49,Complex Customer
349,Customer 39,Item 18,5757,9,7,3098,4,New Customer
350,Customer 31,Item 28,22176,9,5,4772,9,New Customer
351,Customer 23,Item 39,15661,9,4,5289,96,Always Active
352,Customer 8,Item 41,26141,7,7,7137,52,Discount Lover
353,Customer 45,Item 27,35608,4,4,7942,37,Discount Lover
354,Customer 11,Item 43,3619,8,5,4961,91,Always Active
355,Customer 12,Item 4,23708,7,8,4231,68,Always Active
356,Customer 18,Item 34,28142,9,6,1429,16,New Customer
357,Customer 16,Item 6,37067,9,5,8139,83,Normal Customer
358,Customer 26,Item 7,40813,7,8,3597,96,Complex Customer
359,Customer 10,Item 1,11972,8,7,2701,29,New Customer
360,Customer 49,Item 9,21274,9,3,5089,35,Economic Customer
361,Customer 42,Item 3,5466,2,8,3426,92,Always Active
362,Customer 28,Item 17,26849,6,9,9955,37,Discount Lover
363,Customer 43,Item 41,40865,4,4,3747,68,Always Active
364,Customer 23,Item 1,16585,8,4,2135,66,Always Active
365,Customer 47,Item 23,24711,3,8,9839,12,New Customer
366,Customer 29,Item 29,42142,3,4,3176,87,Always Active
367,Customer 16,Item 45,49664,5,4,4497,46,Normal Customer
368,Customer 16,Item 47,29067,2,8,3520,59,Normal Customer
369,Customer 7,Item 39,49033,6,1,5722,55,Normal Customer
370,Customer 16,Item 42,21050,4,4,1547,6,New Customer
371,Customer 37,Item 6,22331,9,5,5874,35,Discount Lover
372,Customer 9,Item 8,28540,6,7,8450,36,Discount Lover
373,Customer 44,Item 15,2181,8,3,2211,24,New Customer
374,Customer 28,Item 23,20524,1,9,5964,72,Always Active
375,Customer 35,Item 10,31531,6,8,4540,47,Complex Customer
376,Customer 14,Item 40,34146,3,3,9173,46,Discount Lover
377,Customer 34,Item 28,45060,1,4,3836,60,Normal Customer
378,Customer 1,Item 43,7818,4,8,5748,69,Always Active
379,Customer 14,Item 49,7197,7,2,7966,71,Always Active
380,Customer 3,Item 35,22234,2,5,6481,93,Always Active
381,Customer 3,Item 6,24084,2,1,1330,40,Economic Customer
382,Customer 23,Item 39,37366,1,4,5117,81,Always Active
383,Customer 5,Item 11,14165,4,8,3866,4,New Customer
384,Customer 15,Item 32,45218,9,2,5780,5,Normal Customer
385,Customer 17,Item 48,19031,6,1,1005,57,Economic Customer
386,Customer 33,Item 35,5721,8,2,7527,91,Always Active
387,Customer 1,Item 16,23516,6,2,8012,7,New Customer
388,Customer 47,Item 2,47401,8,7,3111,31,Complex Customer
389,Customer 8,Item 37,31636,4,4,3180,24,New Customer
390,Customer 47,Item 36,31595,4,6,4622,99,Always Active
391,Customer 49,Item 7,32313,9,9,6078,24,Complex Customer
392,Customer 43,Item 21,11007,8,6,6638,8,New Customer
393,Customer 8,Item 22,11215,8,2,6965,35,Economic Customer
394,Customer 10,Item 18,44590,7,2,7276,99,Normal Customer
395,Customer 33,Item 48,10302,8,2,4641,80,Always Active
396,Customer 49,Item 9,21077,8,9,8136,67,Always Active
397,Customer 36,Item 27,9616,7,9,9038,25,New Customer
398,Customer 37,Item 38,21838,4,1,3766,28,New Customer
399,Customer 3,Item 1,13800,4,8,3058,44,Normal Customer
400,Customer 31,Item 33,35287,8,2,6339,91,Normal Customer
401,Customer 6,Item 28,33783,5,2,5890,11,New Customer
402,Customer 7,Item 4,43656,5,5,2144,2,New Customer
403,Customer 32,Item 14,43995,9,3,7598,28,Normal Customer
404,Customer 47,Item 41,32692,5,7,3155,50,Normal Customer
405,Customer 22,Item 30,47818,3,7,1100,18,New Customer
406,Customer 18,Item 38,22261,5,4,2136,25,New Customer
407,Customer 32,Item 29,44464,9,3,9483,57,Normal Customer
408,Customer 41,Item 22,11348,2,5,3992,17,New Customer
409,Customer 45,Item 26,9236,9,6,3936,77,Always Active
410,Customer 47,Item 10,17114,1,7,3571,75,Always Active
411,Customer 24,Item 46,49075,4,7,9053,12,New Customer
412,Customer 28,Item 27,18520,3,5,9187,91,Always Active
413,Customer 48,Item 25,27393,1,6,9220,56,Discount Lover
414,Customer 16,Item 44,4369,6,2,2803,93,Always Active
415,Customer 12,Item 16,36930,2,8,9543,45,Discount Lover
416,Customer 6,Item 41,29123,4,9,6144,33,Discount Lover
417,Customer 3,Item 12,35498,1,8,6137,71,Always Active
418,Customer 2,Item 16,32790,2,2,2366,12,New Customer
419,Customer 14,Item 24,9708,8,6,5840,24,New Customer
420,Customer 27,Item 29,33710,3,5,2450,69,Always Active
421,Customer 42,Item 16,8339,6,2,6679,81,Always Active
422,Customer 44,Item 3,30000,3,6,6827,28,New Customer
423,Customer 37,Item 16,42953,4,9,7658,24,New Customer
424,Customer 22,Item 25,34754,5,1,1825,25,New Customer
425,Customer 6,Item 1,7231,5,4,9245,46,Economic Customer
426,Customer 5,Item 24,43101,5,5,4057,94,Always Active
427,Customer 6,Item 21,34020,1,3,2717,93,Always Active
428,Customer 34,Item 27,39657,2,8,5560,36,Discount Lover
429,Customer 6,Item 15,30076,9,5,6986,9,Normal Customer
430,Customer 11,Item 46,19612,3,8,5824,54,Discount Lover
431,Customer 44,Item 27,30051,8,6,9614,2,Complex Customer
432,Customer 38,Item 25,15261,6,4,7262,63,Always Active
433,Customer 36,Item 11,20984,7,2,8736,43,Economic Customer
434,Customer 25,Item 10,33051,2,7,9274,33,Discount Lover
435,Customer 49,Item 31,10511,2,4,3017,29,New Customer
436,Customer 41,Item 37,23494,6,5,6383,30,Discount Lover
437,Customer 3,Item 22,4722,7,7,1166,61,Always Active
438,Customer 11,Item 28,11643,1,3,9087,24,New Customer
439,Customer 21,Item 20,35996,1,2,5795,60,Discount Lover
440,Customer 44,Item 24,24027,1,6,6617,23,New Customer
441,Customer 45,Item 13,48151,4,1,6060,28,New Customer
442,Customer 3,Item 46,49242,8,7,1509,7,Complex Customer
443,Customer 12,Item 47,6245,9,9,2709,22,New Customer
444,Customer 32,Item 10,15568,7,1,2309,45,Economic Customer
445,Customer 39,Item 24,9847,9,9,9301,28,New Customer
446,Customer 40,Item 28,49307,4,7,8346,57,Discount Lover
447,Customer 10,Item 24,48104,2,8,8760,66,Always Active
448,Customer 39,Item 25,35676,2,5,2902,14,New Customer
449,Customer 28,Item 12,36222,8,7,8113,73,Complex Customer
450,Customer 26,Item 37,8795,3,6,9766,90,Always Active
451,Customer 4,Item 34,2020,6,3,5500,27,New Customer
452,Customer 26,Item 15,23423,8,2,2784,79,Always Active
453,Customer 21,Item 5,48932,3,3,8603,61,Always Active
454,Customer 18,Item 31,40209,8,6,7618,11,Complex Customer
455,Customer 44,Item 8,905,4,5,3707,82,Always Active
456,Customer 23,Item 15,20064,1,8,7128,56,Discount Lover
457,Customer 12,Item 29,17410,7,2,8130,10,New Customer
458,Customer 23,Item 11,14210,2,6,7710,73,Always Active
459,Customer 10,Item 28,21170,2,2,2765,3,New Customer
460,Customer 23,Item 31,6588,8,4,4893,57,Economic Customer
461,Customer 25,Item 17,14785,7,9,8286,75,Always Active
462,Customer 16,Item 2,28426,9,5,4466,6,New Customer
463,Customer 11,Item 2,31292,7,3,4349,22,Normal Customer
464,Customer 47,Item 42,1755,6,5,2327,17,New Customer
465,Customer 22,Item 33,31648,8,7,9132,87,Complex Customer
466,Customer 19,Item 40,1084,5,6,4779,75,Always Active
467,Customer 33,Item 42,11705,4,2,5720,85,Always Active
468,Customer 12,Item 9,33682,5,5,7228,52,Discount Lover
469,Customer 37,Item 44,25049,4,9,3579,2,New Customer
470,Customer 34,Item 8,9326,1,6,8546,73,Always Active
471,Customer 43,Item 6,5573,3,2,2504,11,New Customer
472,Customer 40,Item 8,7055,3,3,2947,78,Always Active
473,Customer 49,Item 46,33850,8,9,9282,71,Complex Customer
474,Customer 10,Item 9,41234,1,9,5698,5,New Customer
475,Customer 1,Item 18,40060,4,9,7688,54,Discount Lover
476,Customer 43,Item 46,36295,3,7,9074,28,New Customer
477,Customer 38,Item 40,14504,4,5,2206,48,Normal Customer
478,Customer 5,Item 27,18924,7,4,8782,31,Economic Customer
479,Customer 9,Item 48,6451,3,2,3871,64,Always Active
480,Customer 49,Item 23,33966,5,9,4651,89,Always Active
481,Customer 6,Item 46,41476,4,2,6488,60,Discount Lover
482,Customer 30,Item 11,26968,6,8,3627,7,New Customer
483,Customer 8,Item 5,16961,1,8,4302,96,Always Active
484,Customer 36,Item 2,16631,1,6,3774,15,New Customer
485,Customer 38,Item 31,11532,7,7,8879,7,New Customer
486,Customer 1,Item 47,15014,5,1,2143,47,Economic Customer
487,Customer 25,Item 3,19474,4,5,2148,97,Always Active
488,Customer 35,Item 12,8324,5,1,3814,16,New Customer
489,Customer 6,Item 39,49372,6,8,8220,77,Complex Customer
490,Customer 39,Item 18,11661,9,8,8459,40,Discount Lover
491,Customer 43,Item 39,41128,1,6,5689,60,Discount Lover
492,Customer 32,Item 48,12259,9,5,8025,27,New Customer
493,Customer 28,Item 2,28915,4,9,3983,81,Always Active
494,Customer 39,Item 7,32965,4,4,1818,55,Normal Customer
495,Customer 7,Item 36,17415,3,7,6943,81,Always Active
496,Customer 1,Item 43,45716,1,7,3389,82,Always Active
497,Customer 48,Item 41,25813,4,1,9079,44,Economic Customer
498,Customer 35,Item 18,1406,9,1,5691,60,Economic Customer
499,Customer 11,Item 48,47642,5,3,7141,47,Discount Lover
500,Customer 45,Item 42,30650,7,6,9522,28,Complex Customer
501,Customer 18,Item 6,30508,1,8,2794,3,New Customer
502,Customer 32,Item 16,2459,4,3,5319,86,Always Active
503,Customer 43,Item 44,17901,8,2,1826,43,Economic Customer
504,Customer 42,Item 47,19397,5,2,3855,69,Always Active
505,Customer 38,Item 14,49713,7,5,7821,32,Normal Customer
506,Customer 21,Item 39,6408,5,2,7723,3,New Customer
507,Customer 32,Item 11,5161,4,3,4411,57,Economic Customer
508,Customer 1,Item 41,49310,8,9,3501,12,Complex Customer
509,Customer 46,Item 2,5495,8,8,1693,30,Normal Customer
510,Customer 26,Item 42,7501,1,9,9785,48,Discount Lover
511,Customer 6,Item 31,32637,8,1,7320,38,Normal Customer
512,Customer 8,Item 16,32092,9,1,2541,3,Normal Customer
513,Customer 16,Item 4,6780,3,9,6705,68,Always Active
514,Customer 22,Item 44,48202,1,5,9423,1,New Customer
515,Customer 40,Item 46,43635,3,7,4967,74,Always Active
516,Customer 18,Item 10,12413,5,4,5812,5,New Customer
517,Customer 2,Item 49,39021,8,4,4113,29,Normal Customer
518,Customer 21,Item 32,6870,3,6,7145,92,Always Active
519,Customer 17,Item 11,32305,9,7,5553,20,Complex Customer
520,Customer 10,Item 36,948,4,5,6785,58,Discount Lover
521,Customer 37,Item 42,37262,7,7,4024,5,Complex Customer
522,Customer 5,Item 11,42793,7,9,2757,98,Complex Customer
523,Customer 48,Item 24,11900,6,5,8141,37,Discount Lover
524,Customer 33,Item 5,36776,3,7,2120,54,Normal Customer
525,Customer 30,Item 18,35481,9,9,4240,5,Complex Customer
526,Customer 6,Item 25,45630,2,7,8571,49,Discount Lover
527,Customer 12,Item 15,25081,2,1,8141,8,New Customer
528,Customer 4,Item 39,5280,2,7,5491,37,Discount Lover
529,Customer 45,Item 3,22144,3,5,5121,25,New Customer
530,Customer 40,Item 27,6041,9,4,7116,5,New Customer
531,Customer 30,Item 17,32444,4,9,2223,42,Normal Customer
532,Customer 9,Item 31,4055,8,2,4991,75,Always Active
533,Customer 12,Item 36,7349,7,1,9519,98,Always Active
534,Customer 23,Item 13,47659,3,9,2260,98,Always Active
535,Customer 3,Item 29,32953,7,4,4651,2,Normal Customer
536,Customer 15,Item 47,11904,4,3,6224,32,Economic Customer
537,Customer 30,Item 13,1265,1,3,2783,68,Always Active
538,Customer 16,Item 10,37189,2,7,5282,62,Always Active
539,Customer 5,Item 39,49793,7,9,2984,25,Complex Customer
540,Customer 27,Item 3,17725,1,1,4469,59,Economic Customer
541,Customer 29,Item 40,46624,2,5,7810,82,Always Active
542,Customer 46,Item 11,12533,1,1,4013,8,New Customer
543,Customer 15,Item 49,6533,4,7,9059,76,Always Active
544,Customer 20,Item 8,9456,9,3,6218,39,Economic Customer
545,Customer 3,Item 33,49165,3,8,5128,17,New Customer
546,Customer 26,Item 11,1650,5,2,7637,70,Always Active
547,Customer 26,Item 17,32218,6,5,3522,33,Normal Customer
548,Customer 12,Item 24,48505,6,5,1278,75,Normal Customer
549,Customer 43,Item 14,24198,9,9,7492,76,Always Active
550,Customer 33,Item 28,47604,1,8,6863,98,Always Active
551,Customer 37,Item 29,37789,4,1,1561,64,Always Active
552,Customer 33,Item 14,3327,4,4,9402,38,Economic Customer
553,Customer 44,Item 23,32706,2,7,4511,25,New Customer
554,Customer 23,Item 25,17854,6,2,2345,93,Always Active
555,Customer 30,Item 5,44500,6,7,9246,88,Complex Customer
556,Customer 37,Item 22,49101,8,4,7079,75,Normal Customer
557,Customer 6,Item 43,12529,3,6,1986,87,Always Active
558,Customer 45,Item 8,29029,4,7,1828,20,New Customer
559,Customer 44,Item 49,13690,5,5,4301,22,New Customer
560,Customer 12,Item 14,43426,6,4,5836,30,Normal Customer
561,Customer 1,Item 28,34836,2,9,7221,48,Discount Lover
562,Customer 41,Item 32,24367,4,8,2874,69,Always Active
563,Customer 19,Item 13,10283,8,6,4545,40,Normal Customer
564,Customer 11,Item 11,9188,7,8,1093,14,New Customer
565,Customer 20,Item 3,17764,3,6,1787,95,Always Active
566,Customer 48,Item 31,49100,9,5,1264,28,Normal Customer
567,Customer 32,Item 10,41253,1,4,8142,49,Discount Lover
568,Customer 35,Item 1,18118,1,1,2655,96,Always Active
569,Customer 1,Item 31,22345,8,9,6563,33,Discount Lover
570,Customer 46,Item 42,18895,2,2,5382,73,Always Active
571,Customer 8,Item 48,28083,9,1,8214,38,Economic Customer
572,Customer 2,Item 27,12464,5,2,2085,94,Always Active
573,Customer 49,Item 40,5569,7,8,3911,46,Normal Customer
574,Customer 44,Item 5,28800,5,4,2524,1,New Customer
575,Customer 25,Item 9,42084,5,1,4350,66,Always Active
576,Customer 3,Item 38,9279,1,2,1101,54,Economic Customer
577,Customer 9,Item 23,42394,9,5,9170,71,Normal Customer
578,Customer 25,Item 6,31261,9,6,7120,55,Complex Customer
579,Customer 32,Item 18,17652,8,2,4638,84,Always Active
580,Customer 23,Item 11,1247,2,5,2114,75,Always Active
581,Customer 34,Item 20,3400,6,5,2119,46,Normal Customer
582,Customer 13,Item 5,22932,1,2,3759,99,Always Active
583,Customer 15,Item 40,17682,1,7,9841,86,Always Active
584,Customer 29,Item 36,24662,1,2,6424,27,New Customer
585,Customer 1,Item 33,599,1,9,5171,39,Discount Lover
586,Customer 2,Item 46,27212,1,9,7635,28,New Customer
587,Customer 26,Item 6,36948,8,9,9108,97,Complex Customer
588,Customer 8,Item 14,30787,4,8,4728,71,Always Active
589,Customer 18,Item 25,10904,9,5,3115,25,New Customer
590,Customer 42,Item 47,39921,6,2,7394,32,Normal Customer
591,Customer 24,Item 20,17867,2,8,1382,57,Normal Customer
592,Customer 11,Item 28,18444,7,1,3436,81,Always Active
593,Customer 8,Item 27,12673,6,8,2689,80,Always Active
594,Customer 33,Item 2,9588,9,4,5746,41,Economic Customer
595,Customer 32,Item 37,49452,5,8,2502,49,Normal Customer
596,Customer 37,Item 33,4348,8,9,8718,26,New Customer
597,Customer 16,Item 38,8129,2,7,1502,86,Always Active
598,Customer 15,Item 32,32675,9,3,2949,41,Normal Customer
599,Customer 49,Item 20,674,8,8,8098,18,New Customer
600,Customer 5,Item 48,43930,6,7,4504,63,Complex Customer
601,Customer 7,Item 23,28475,2,6,8165,5,New Customer
602,Customer 5,Item 12,27379,4,2,5153,78,Always Active
603,Customer 9,Item 8,28231,6,4,2034,67,Always Active
604,Customer 32,Item 8,12598,5,4,6411,39,Economic Customer
605,Customer 10,Item 48,30433,2,5,8456,84,Always Active
606,Customer 28,Item 12,7339,6,4,2180,44,Economic Customer
607,Customer 30,Item 26,18981,2,5,5661,14,New Customer
608,Customer 10,Item 16,4315,9,5,4493,52,Normal Customer
609,Customer 25,Item 29,10419,5,4,8952,3,New Customer
610,Customer 18,Item 27,42905,5,9,4769,12,New Customer
611,Customer 5,Item 26,28366,8,9,2118,58,Normal Customer
612,Customer 36,Item 29,27372,8,2,5964,73,Always Active
613,Customer 48,Item 11,43078,1,6,9652,78,Always Active
614,Customer 9,Item 19,926,5,2,6500,92,Always Active
615,Customer 30,Item 7,25267,6,8,2349,37,Normal Customer
616,Customer 35,Item 40,37332,9,5,9476,45,Normal Customer
617,Customer 27,Item 9,2939,1,8,5105,64,Always Active
618,Customer 21,Item 40,42084,1,2,8006,1,New Customer
619,Customer 22,Item 49,44465,3,1,2594,62,Always Active
620,Customer 49,Item 14,38517,4,2,8210,36,Discount Lover
621,Customer 24,Item 26,1500,7,5,4313,96,Always Active
622,Customer 32,Item 6,27855,4,9,9737,16,New Customer
623,Customer 39,Item 9,16566,9,7,6304,79,Always Active
624,Customer 23,Item 10,36871,9,1,5314,60,Normal Customer
625,Customer 31,Item 18,12337,1,2,2708,81,Always Active
626,Customer 10,Item 48,14806,5,1,7021,79,Always Active
627,Customer 46,Item 45,45791,8,8,5466,76,Complex Customer
628,Customer 42,Item 3,13094,9,4,3504,33,Economic Customer
629,Customer 21,Item 41,49457,7,7,8424,4,Complex Customer
630,Customer 9,Item 45,9719,3,3,1449,54,Economic Customer
631,Customer 33,Item 10,41920,2,8,2202,36,Normal Customer
632,Customer 10,Item 34,31008,9,2,1963,32,Normal Customer
633,Customer 29,Item 5,8994,8,3,8839,14,New Customer
634,Customer 29,Item 16,39631,9,6,2181,99,Complex Customer
635,Customer 48,Item 36,23512,5,5,9383,27,New Customer
636,Customer 1,Item 10,38729,2,7,6717,57,Discount Lover
637,Customer 17,Item 9,3227,3,2,3623,20,New Customer
638,Customer 5,Item 42,21735,4,6,7816,92,Always Active
639,Customer 25,Item 45,3295,9,4,4208,64,Always Active
640,Customer 18,Item 27,637,4,8,9002,44,Discount Lover
641,Customer 2,Item 1,20453,9,3,7646,92,Always Active
642,Customer 15,Item 31,9166,5,7,5348,20,New Customer
643,Customer 21,Item 40,45707,2,4,5057,87,Always Active
644,Customer 9,Item 34,22102,3,2,8567,90,Always Active
645,Customer 32,Item 28,2083,3,5,4829,76,Always Active
646,Customer 21,Item 42,42579,7,2,8674,87,Normal Customer
647,Customer 12,Item 9,25738,7,1,4768,24,New Customer
648,Customer 8,Item 49,41236,4,3,9073,90,Always Active
649,Customer 37,Item 18,35415,7,3,3534,24,Normal Customer
650,Customer 27,Item 1,25099,9,1,6037,97,Always Active
651,Customer 48,Item 36,36176,9,5,9085,24,Normal Customer
652,Customer 21,Item 39,14400,5,9,4706,86,Always Active
653,Customer 37,Item 49,27815,4,1,7442,61,Always Active
654,Customer 21,Item 21,37538,4,8,1617,97,Always Active
655,Customer 38,Item 47,27728,1,4,2639,83,Always Active
656,Customer 42,Item 45,35842,1,8,1470,92,Always Active
657,Customer 35,Item 24,32837,7,4,7978,78,Normal Customer
658,Customer 11,Item 41,33413,9,6,5925,16,Complex Customer
659,Customer 48,Item 32,37142,7,2,1115,19,Normal Customer
660,Customer 7,Item 31,49662,9,8,2124,3,Complex Customer
661,Customer 8,Item 43,33887,9,8,4239,78,Complex Customer
662,Customer 29,Item 2,2692,8,2,5322,95,Always Active
663,Customer 26,Item 46,38714,3,6,7373,18,New Customer
664,Customer 47,Item 40,29673,3,7,1486,30,Normal Customer
665,Customer 33,Item 14,24749,9,3,7474,27,New Customer
666,Customer 3,Item 22,24106,5,3,7987,85,Always Active
667,Customer 8,Item 26,8501,2,9,2349,37,Normal Customer
668,Customer 24,Item 32,14022,8,8,3224,18,New Customer
669,Customer 19,Item 6,23843,5,1,4350,55,Economic Customer
670,Customer 39,Item 47,32337,4,1,3279,99,Always Active
671,Customer 47,Item 5,20312,6,8,8439,96,Always Active
672,Customer 30,Item 37,21042,2,3,4353,19,New Customer
673,Customer 1,Item 3,24505,3,4,9762,31,Economic Customer
674,Customer 7,Item 2,46647,7,9,3947,32,Complex Customer
675,Customer 37,Item 29,40377,1,5,8079,6,New Customer
676,Customer 38,Item 48,33733,7,3,8744,62,Normal Customer
677,Customer 22,Item 20,29384,8,2,5982,39,Economic Customer
678,Customer 12,Item 24,24507,7,8,6972,89,Always Active
679,Customer 9,Item 12,22246,8,1,6672,76,Always Active
680,Customer 18,Item 26,39639,5,9,6570,56,Discount Lover
681,Customer 39,Item 32,18753,8,6,7650,55,Discount Lover
682,Customer 44,Item 42,16831,4,2,2844,34,Economic Customer
683,Customer 27,Item 3,24967,9,1,5995,37,Economic Customer
684,Customer 22,Item 18,33955,2,1,3776,20,New Customer
685,Customer 39,Item 48,10931,8,1,6129,80,Always Active
686,Customer 47,Item 26,48542,3,8,6133,19,New Customer
687,Customer 43,Item 26,48681,8,2,3695,5,Normal Customer
688,Customer 9,Item 43,42248,9,9,9963,33,Complex Customer
689,Customer 27,Item 26,16560,7,1,4152,81,Always Active
690,Customer 35,Item 3,28735,8,1,3225,41,Economic Customer
691,Customer 8,Item 30,17019,4,4,1551,46,Economic Customer
692,Customer 6,Item 28,40124,6,6,5495,47,Complex Customer
693,Customer 20,Item 29,21455,2,5,3177,34,Normal Customer
694,Customer 27,Item 4,31998,8,8,8740,67,Complex Customer
695,Customer 23,Item 47,30981,5,5,2709,5,New Customer
696,Customer 19,Item 12,43687,3,1,9254,78,Always Active
697,Customer 27,Item 9,14556,5,3,4064,89,Always Active
698,Customer 46,Item 29,15110,1,4,2389,40,Economic Customer
699,Customer 38,Item 45,35126,1,3,8957,94,Always Active
700,Customer 16,Item 9,5185,7,9,6943,31,Discount Lover
701,Customer 22,Item 40,29760,7,1,8706,69,Always Active
702,Customer 20,Item 12,8606,2,6,6699,72,Always Active
703,Customer 20,Item 23,7898,1,7,5812,19,New Customer
704,Customer 10,Item 40,26002,5,4,9419,29,New Customer
705,Customer 22,Item 9,8420,9,6,6209,85,Always Active
706,Customer 25,Item 2,38479,4,7,9404,2,New Customer
707,Customer 25,Item 11,4037,3,3,8168,74,Always Active
708,Customer 13,Item 14,42823,2,1,6703,83,Always Active
709,Customer 11,Item 20,48019,7,7,3263,52,Complex Customer
710,Customer 29,Item 21,1980,5,2,2788,23,New Customer
711,Customer 20,Item 14,23969,9,4,1537,64,Always Active
712,Customer 14,Item 44,21885,6,5,3433,7,New Customer
713,Customer 27,Item 42,45165,6,5,2240,25,Normal Customer
714,Customer 4,Item 31,43416,9,9,2881,45,Complex Customer
715,Customer 26,Item 38,38002,1,4,6285,54,Discount Lover
716,Customer 41,Item 10,25915,3,4,4002,73,Always Active
717,Customer 3,Item 37,6263,6,5,1319,80,Always Active
718,Customer 42,Item 12,14646,3,9,8430,52,Discount Lover
719,Customer 23,Item 15,25395,9,9,4522,14,New Customer
720,Customer 38,Item 9,11257,2,3,6575,87,Always Active
721,Customer 26,Item 4,39698,4,3,7853,50,Discount Lover
722,Customer 45,Item 42,6614,1,4,8541,76,Always Active
723,Customer 36,Item 10,40543,4,6,1109,94,Always Active
724,Customer 5,Item 35,5880,5,4,7380,6,New Customer
725,Customer 7,Item 29,14005,6,9,7867,61,Always Active
726,Customer 29,Item 15,13698,7,5,4860,14,New Customer
727,Customer 28,Item 32,31531,8,1,6440,58,Normal Customer
728,Customer 25,Item 4,36212,4,4,9497,60,Discount Lover
729,Customer 28,Item 37,38690,5,5,5177,81,Always Active
730,Customer 6,Item 22,4632,5,4,5113,60,Economic Customer
731,Customer 22,Item 19,2952,2,9,5832,56,Discount Lover
732,Customer 32,Item 3,13508,9,7,4545,78,Always Active
733,Customer 41,Item 48,47433,1,8,9631,10,New Customer
734,Customer 13,Item 36,39425,7,8,8773,13,Complex Customer
735,Customer 30,Item 46,32178,4,2,5539,85,Always Active
736,Customer 8,Item 40,48467,7,9,4393,55,Complex Customer
737,Customer 2,Item 44,49477,7,8,2452,71,Complex Customer
738,Customer 31,Item 18,13864,7,9,4473,75,Always Active
739,Customer 2,Item 35,30663,5,2,5342,26,New Customer
740,Customer 40,Item 22,42948,6,3,5049,99,Normal Customer
741,Customer 30,Item 22,9722,1,2,7220,80,Always Active
742,Customer 23,Item 12,4367,6,3,6233,16,New Customer
743,Customer 2,Item 7,1707,7,6,4319,48,Normal Customer
744,Customer 20,Item 14,48395,5,3,9081,13,New Customer
745,Customer 48,Item 35,27046,1,2,9059,39,Economic Customer
746,Customer 6,Item 7,23681,7,6,1401,60,Normal Customer
747,Customer 11,Item 23,11608,7,3,6765,59,Economic Customer
748,Customer 18,Item 17,31268,2,2,8241,18,New Customer
749,Customer 40,Item 20,24290,5,7,8304,89,Always Active
750,Customer 28,Item 43,16390,3,2,2460,61,Always Active
751,Customer 9,Item 2,38687,6,1,5865,1,Normal Customer
752,Customer 25,Item 45,45769,8,5,1362,36,Normal Customer
753,Customer 3,Item 25,10076,4,6,7437,70,Always Active
754,Customer 48,Item 30,15090,5,7,9809,36,Discount Lover
755,Customer 14,Item 32,31926,7,4,4708,78,Normal Customer
756,Customer 8,Item 39,6233,5,7,3582,22,New Customer
757,Customer 22,Item 40,6463,3,6,6369,41,Discount Lover
758,Customer 21,Item 30,10606,1,3,9398,26,New Customer
759,Customer 36,Item 45,23468,8,3,2916,9,New Customer
760,Customer 21,Item 27,15492,7,6,7875,80,Always Active
761,Customer 32,Item 8,33611,5,5,1692,87,Always Active
762,Customer 21,Item 45,20868,5,6,5164,94,Always Active
763,Customer 4,Item 33,26566,1,2,4046,90,Always Active
764,Customer 17,Item 22,42328,4,8,8649,64,Always Active
765,Customer 22,Item 27,49938,7,3,7592,32,Normal Customer
766,Customer 8,Item 8,34297,3,8,4732,2,New Customer
767,Customer 5,Item 47,8047,3,2,8696,65,Always Active
768,Customer 17,Item 23,21163,1,5,8335,12,New Customer
769,Customer 35,Item 29,25597,8,6,3708,19,New Customer
770,Customer 10,Item 11,31404,9,2,6154,28,Normal Customer
771,Customer 22,Item 18,32436,7,7,7055,85,Complex Customer
772,Customer 42,Item 41,12068,6,4,4443,50,Economic Customer
773,Customer 20,Item 30,3906,6,4,8629,57,Economic Customer
774,Customer 19,Item 22,8590,8,7,5207,73,Always Active
775,Customer 9,Item 33,34143,1,9,8644,81,Always Active
776,Customer 19,Item 49,943,5,2,5918,66,Always Active
777,Customer 16,Item 16,5876,2,7,2834,26,New Customer
778,Customer 7,Item 4,34020,3,2,6176,94,Always Active
779,Customer 25,Item 3,4357,6,5,9976,40,Discount Lover
780,Customer 8,Item 13,19845,6,9,4048,38,Normal Customer
781,Customer 40,Item 30,19663,8,3,2369,7,New Customer
782,Customer 29,Item 29,38944,4,1,7891,31,Discount Lover
783,Customer 5,Item 48,29939,1,3,4480,11,New Customer
784,Customer 37,Item 32,38144,2,1,9601,69,Always Active
785,Customer 22,Item 5,15043,9,1,9212,28,New Customer
786,Customer 31,Item 1,27427,8,7,7423,12,New Customer
787,Customer 37,Item 40,9175,1,5,6232,18,New Customer
788,Customer 21,Item 18,8966,8,4,2592,76,Always Active
789,Customer 23,Item 31,19011,3,2,1043,86,Always Active
790,Customer 8,Item 16,44496,9,4,3774,87,Normal Customer
791,Customer 18,Item 37,20700,6,5,3830,56,Normal Customer
792,Customer 16,Item 12,16190,8,1,1301,92,Always Active
793,Customer 8,Item 44,39225,7,3,8483,87,Normal Customer
794,Customer 37,Item 6,38398,5,8,9683,5,New Customer
795,Customer 29,Item 15,14421,3,7,5413,7,New Customer
796,Customer 12,Item 29,12347,5,4,4655,81,Always Active
797,Customer 38,Item 17,636,3,3,1797,72,Always Active
798,Customer 40,Item 25,10805,9,2,7611,58,Economic Customer
799,Customer 41,Item 25,7469,4,4,9110,61,Always Active
800,Customer 42,Item 40,45210,7,2,4333,62,Normal Customer
801,Customer 41,Item 40,30667,3,4,1929,98,Always Active
802,Customer 30,Item 20,6598,7,9,1738,91,Always Active
803,Customer 33,Item 23,45261,8,7,2639,52,Complex Customer
804,Customer 12,Item 48,19526,7,8,7957,14,New Customer
805,Customer 19,Item 47,15722,9,3,5819,82,Always Active
806,Customer 45,Item 16,22509,1,4,7766,8,New Customer
807,Customer 31,Item 25,17377,9,2,9946,69,Always Active
808,Customer 19,Item 35,18021,9,5,6922,61,Always Active
809,Customer 13,Item 10,34755,2,2,5165,74,Always Active
810,Customer 17,Item 39,12332,5,1,6288,31,Economic Customer
811,Customer 8,Item 19,17480,3,9,6765,93,Always Active
812,Customer 21,Item 27,44275,1,1,9264,52,Discount Lover
813,Customer 18,Item 20,46517,5,5,8848,44,Discount Lover
814,Customer 21,Item 39,5315,6,5,6173,64,Always Active
815,Customer 8,Item 36,48158,8,9,1174,53,Complex Customer
816,Customer 35,Item 39,8662,5,5,4391,91,Always Active
817,Customer 10,Item 19,1630,9,7,1624,61,Always Active
818,Customer 47,Item 27,6117,3,3,2096,73,Always Active
819,Customer 37,Item 14,2115,6,5,8307,22,New Customer
820,Customer 32,Item 6,25270,8,7,1598,91,Always Active
821,Customer 29,Item 46,26107,4,9,7457,30,Discount Lover
822,Customer 36,Item 4,8342,9,9,7024,39,Discount Lover
823,Customer 2,Item 5,34809,4,4,8612,65,Always Active
824,Customer 36,Item 35,44516,7,2,9862,66,Normal Customer
825,Customer 9,Item 11,29481,8,5,6337,95,Always Active
826,Customer 15,Item 45,32180,9,2,4078,72,Normal Customer
827,Customer 25,Item 23,8211,4,4,9519,29,New Customer
828,Customer 41,Item 46,2512,5,1,5496,67,Always Active
829,Customer 25,Item 9,15009,1,1,4992,26,New Customer
830,Customer 31,Item 8,4274,3,3,7037,6,New Customer
831,Customer 33,Item 5,7445,2,3,8524,66,Always Active
832,Customer 17,Item 17,32492,8,3,7928,77,Normal Customer
833,Customer 34,Item 49,34436,4,4,6332,54,Discount Lover
834,Customer 37,Item 48,26554,9,4,5456,72,Always Active
835,Customer 19,Item 49,3644,4,8,6087,98,Always Active
836,Customer 47,Item 29,45590,8,7,1623,99,Complex Customer
837,Customer 13,Item 32,32992,7,6,1100,94,Complex Customer
838,Customer 32,Item 36,21020,1,5,6862,99,Always Active
839,Customer 3,Item 47,8947,2,6,5229,92,Always Active
840,Customer 39,Item 27,42817,6,9,4909,34,Complex Customer
841,Customer 35,Item 40,13233,5,3,7634,5,New Customer
842,Customer 1,Item 4,1176,6,2,3682,59,Economic Customer
843,Customer 48,Item 24,38521,6,3,9901,94,Normal Customer
844,Customer 14,Item 43,35239,1,5,9785,87,Always Active
845,Customer 48,Item 3,5163,3,3,4404,97,Always Active
846,Customer 2,Item 34,14469,6,6,8743,70,Always Active
847,Customer 9,Item 10,16372,1,3,6686,1,New Customer
848,Customer 24,Item 46,32095,2,7,5784,1,New Customer
849,Customer 19,Item 17,37958,3,7,6668,2,New Customer
850,Customer 15,Item 29,13949,4,3,1541,10,New Customer
851,Customer 43,Item 18,13882,6,1,7774,15,New Customer
852,Customer 27,Item 22,41226,5,6,2611,45,Normal Customer
853,Customer 16,Item 9,30653,9,4,9851,48,Normal Customer
854,Customer 39,Item 23,10740,7,4,4362,35,Economic Customer
855,Customer 14,Item 3,46639,3,8,8965,85,Always Active
856,Customer 15,Item 18,9504,3,2,6833,33,Economic Customer
857,Customer 19,Item 26,23683,9,2,4724,97,Always Active
858,Customer 4,Item 13,32702,6,9,7266,24,Complex Customer
859,Customer 41,Item 24,48585,5,4,7128,56,Discount Lover
860,Customer 46,Item 44,658,9,9,6485,76,Always Active
861,Customer 38,Item 41,29754,6,4,3171,80,Always Active
862,Customer 47,Item 24,47138,6,6,5406,10,Complex Customer
863,Customer 21,Item 38,49278,2,8,5637,45,Discount Lover
864,Customer 42,Item 1,29217,3,6,3298,46,Normal Customer
865,Customer 32,Item 11,42007,3,8,8111,25,New Customer
866,Customer 21,Item 35,27039,6,4,9086,76,Always Active
867,Customer 31,Item 26,962,6,1,9856,25,New Customer
868,Customer 9,Item 42,41767,2,2,2991,32,Normal Customer
869,Customer 11,Item 24,13661,4,1,8904,79,Always Active
870,Customer 14,Item 8,24493,5,4,9634,72,Always Active
871,Customer 4,Item 8,35038,3,9,3055,36,Normal Customer
872,Customer 8,Item 34,37069,4,1,7662,2,New Customer
873,Customer 25,Item 13,19560,8,7,7139,29,New Customer
874,Customer 6,Item 28,2059,2,9,7825,19,New Customer
875,Customer 37,Item 28,31510,3,7,5411,94,Always Active
876,Customer 1,Item 1,25024,3,9,4319,5,New Customer
877,Customer 25,Item 5,4513,8,2,7480,88,Always Active
878,Customer 9,Item 28,22086,6,6,4007,15,New Customer
879,Customer 9,Item 21,38287,5,9,7353,57,Discount Lover
880,Customer 4,Item 33,27260,5,6,4682,49,Normal Customer
881,Customer 40,Item 48,7870,5,2,9270,40,Economic Customer
882,Customer 18,Item 10,20386,3,9,7482,37,Discount Lover
883,Customer 5,Item 2,20095,2,9,1047,55,Normal Customer
884,Customer 26,Item 17,28113,7,9,5229,49,Discount Lover
885,Customer 2,Item 20,35891,2,7,4684,54,Normal Customer
886,Customer 16,Item 1,12306,5,1,9830,44,Economic Customer
887,Customer 38,Item 23,32199,4,1,4869,83,Always Active
888,Customer 30,Item 46,11375,6,1,4113,3,New Customer
889,Customer 15,Item 31,6788,6,8,3263,60,Normal Customer
890,Customer 17,Item 20,15191,9,3,9215,53,Economic Customer
891,Customer 18,Item 35,4669,7,4,8179,59,Economic Customer
892,Customer 1,Item 9,32816,6,8,7189,50,Complex Customer
893,Customer 17,Item 43,10948,4,3,7182,67,Always Active
894,Customer 42,Item 33,29724,5,8,1132,21,New Customer
895,Customer 8,Item 30,40534,2,3,7789,14,New Customer
896,Customer 31,Item 38,45380,2,6,4317,13,New Customer
897,Customer 1,Item 41,49997,8,2,7895,32,Normal Customer
898,Customer 33,Item 15,21232,5,2,8200,40,Economic Customer
899,Customer 36,Item 17,34064,5,4,6979,34,Discount Lover
900,Customer 4,Item 36,6791,5,2,5145,94,Always Active
901,Customer 38,Item 38,18677,5,9,7677,33,Discount Lover
902,Customer 25,Item 21,42499,1,2,2272,60,Normal Customer
903,Customer 18,Item 7,18149,7,4,7770,3,New Customer
904,Customer 46,Item 12,23048,1,9,8181,60,Discount Lover
905,Customer 32,Item 28,15426,1,4,3328,1,New Customer
906,Customer 26,Item 9,33047,7,4,8723,95,Normal Customer
907,Customer 2,Item 45,11218,8,5,2440,82,Always Active
908,Customer 46,Item 34,40377,5,5,8765,41,Discount Lover
909,Customer 41,Item 6,3872,1,1,4988,1,New Customer
910,Customer 29,Item 11,17415,6,2,3851,48,Economic Customer
911,Customer 29,Item 28,13853,1,2,9087,24,New Customer
912,Customer 35,Item 36,24768,1,1,6896,57,Economic Customer
913,Customer 14,Item 40,15500,1,9,3429,65,Always Active
914,Customer 12,Item 16,2929,2,8,2087,86,Always Active
915,Customer 10,Item 43,9748,1,2,7881,92,Always Active
916,Customer 41,Item 8,9993,2,6,3603,14,New Customer
917,Customer 37,Item 38,1879,9,5,4312,80,Always Active
918,Customer 26,Item 32,35753,4,3,2181,39,Normal Customer
919,Customer 27,Item 3,4079,5,9,8894,85,Always Active
920,Customer 44,Item 6,35179,6,3,8713,55,Normal Customer
921,Customer 5,Item 11,31737,3,7,4572,7,New Customer
922,Customer 7,Item 10,48527,1,3,8962,36,Discount Lover
923,Customer 37,Item 15,31228,8,2,5261,15,Normal Customer
924,Customer 40,Item 45,18840,4,1,2001,62,Always Active
925,Customer 44,Item 24,1129,8,6,7147,88,Always Active
926,Customer 14,Item 49,43230,6,8,9387,99,Complex Customer
927,Customer 37,Item 3,16497,9,2,6316,14,New Customer
928,Customer 21,Item 34,3270,9,5,7965,44,Discount Lover
929,Customer 32,Item 4,43700,1,5,4437,89,Always Active
930,Customer 3,Item 44,4568,6,8,3437,15,New Customer
931,Customer 16,Item 27,22896,4,1,5418,91,Always Active
932,Customer 9,Item 32,12149,3,4,8928,3,New Customer
933,Customer 19,Item 33,10265,7,1,9140,23,New Customer
934,Customer 14,Item 12,42892,2,4,3792,33,Normal Customer
935,Customer 10,Item 23,41239,9,9,2871,51,Complex Customer
936,Customer 48,Item 48,44967,9,3,3323,31,Normal Customer
937,Customer 7,Item 1,33118,9,1,3379,93,Normal Customer
938,Customer 11,Item 8,2116,5,2,8766,37,Economic Customer
939,Customer 36,Item 21,19543,4,1,8338,29,New Customer
940,Customer 38,Item 32,12790,9,6,6215,28,New Customer
941,Customer 36,Item 33,12827,9,6,8260,15,New Customer
942,Customer 25,Item 29,39971,3,8,3019,4,New Customer
943,Customer 10,Item 18,44768,5,3,3327,53,Normal Customer
944,Customer 46,Item 4,20317,1,4,3258,27,New Customer
945,Customer 28,Item 12,39550,8,2,5754,55,Normal Customer
946,Customer 1,Item 11,38754,1,8,3763,34,Normal Customer
947,Customer 3,Item 3,37438,7,9,1858,22,Complex Customer
948,Customer 1,Item 19,24615,9,4,4905,34,Economic Customer
949,Customer 47,Item 37,13321,7,5,6489,25,New Customer
950,Customer 28,Item 25,10677,1,7,1363,50,Normal Customer
951,Customer 7,Item 39,6129,1,4,3363,53,Economic Customer
952,Customer 36,Item 40,38862,6,7,5108,63,Complex Customer
953,Customer 22,Item 6,18807,3,9,6541,88,Always Active
954,Customer 18,Item 18,49840,6,7,6963,56,Complex Customer
955,Customer 42,Item 3,13766,3,3,7128,56,Economic Customer
956,Customer 42,Item 3,10016,9,9,5204,97,Always Active
957,Customer 34,Item 43,31464,8,6,1650,38,Complex Customer
958,Customer 31,Item 14,35319,3,5,9795,59,Discount Lover
959,Customer 10,Item 48,23670,6,9,1398,60,Normal Customer
960,Customer 28,Item 29,6802,6,5,6280,80,Always Active
961,Customer 14,Item 27,15723,1,6,1247,59,Normal Customer
962,Customer 13,Item 9,16653,3,9,9190,41,Discount Lover
963,Customer 7,Item 23,20835,5,5,5031,45,Discount Lover
964,Customer 47,Item 6,36746,7,3,4421,25,Normal Customer
965,Customer 11,Item 26,38165,6,4,8017,43,Normal Customer
966,Customer 18,Item 47,21100,8,5,6464,19,New Customer
967,Customer 9,Item 2,22722,1,1,2852,98,Always Active
968,Customer 10,Item 49,34913,9,3,3383,79,Normal Customer
969,Customer 11,Item 22,40596,4,7,5549,56,Discount Lover
970,Customer 13,Item 25,46414,6,8,5402,4,Complex Customer
971,Customer 38,Item 1,22670,1,4,3979,98,Always Active
972,Customer 40,Item 13,1743,8,1,9571,26,New Customer
973,Customer 29,Item 10,32533,9,8,3256,75,Complex Customer
974,Customer 24,Item 5,25284,4,6,6562,94,Always Active
975,Customer 45,Item 3,46585,4,2,8977,45,Discount Lover
976,Customer 49,Item 49,28010,8,8,2483,80,Always Active
977,Customer 37,Item 28,40677,1,8,6591,57,Discount Lover
978,Customer 33,Item 18,31664,9,3,2094,32,Normal Customer
979,Customer 11,Item 8,17088,2,9,5603,1,New Customer
980,Customer 33,Item 33,32234,1,6,3884,7,New Customer
981,Customer 2,Item 25,4745,6,1,7446,95,Always Active
982,Customer 35,Item 32,1978,8,2,3963,18,New Customer
983,Customer 29,Item 20,20700,2,7,9369,87,Always Active
984,Customer 15,Item 13,29975,3,8,7036,43,Discount Lover
985,Customer 34,Item 28,33922,3,1,7363,34,Discount Lover
986,Customer 42,Item 26,19468,3,3,3888,16,New Customer
987,Customer 25,Item 32,33772,9,8,7265,77,Complex Customer
988,Customer 45,Item 41,22631,7,3,3483,72,Always Active
989,Customer 10,Item 3,37117,7,9,5966,53,Complex Customer
990,Customer 41,Item 15,44790,2,8,6114,36,Discount Lover
991,Customer 22,Item 27,36812,2,2,4754,35,Normal Customer
992,Customer 32,Item 19,45380,8,3,5802,1,Normal Customer
993,Customer 39,Item 36,25027,8,5,9744,31,Discount Lover
994,Customer 3,Item 35,9268,5,7,2436,38,Normal Customer
995,Customer 5,Item 33,40913,4,6,8656,74,Always Active
996,Customer 15,Item 2,12014,2,6,6161,64,Always Active
997,Customer 32,Item 28,14970,7,5,1960,60,Normal Customer
998,Customer 38,Item 45,8074,9,1,1124,24,New Customer
999,Customer 37,Item 19,27710,9,6,9359,7,New Customer
